{"cameraMode":{"drawMode":0,"name":"Shaded","section":"Shading Mode"},"sceneLighting":true,"audioPlay":false,"sceneViewState":{"m_AlwaysRefresh":false,"showFog":true,"showSkybox":true,"showFlares":true,"showImageEffects":true,"showParticleSystems":true,"showVisualEffectGraphs":true,"m_FxEnabled":false},"in2DMode":false,"pivot":{"x":7.603382587432861,"y":3.6149282455444338,"z":-12.466240882873536},"rotation":{"x":0.35628628730773928,"y":0.09746313840150833,"z":-0.03699653595685959,"w":0.9286203980445862},"size":9.228134155273438,"orthographic":false}