{"cameraMode":{"drawMode":0,"name":"Shaded","section":"Shading Mode"},"sceneLighting":true,"audioPlay":false,"sceneViewState":{"m_AlwaysRefresh":false,"showFog":true,"showSkybox":true,"showFlares":true,"showImageEffects":true,"showParticleSystems":true,"showVisualEffectGraphs":true,"m_FxEnabled":false},"in2DMode":false,"pivot":{"x":73.8704605102539,"y":235.2808074951172,"z":-404.1031188964844},"rotation":{"x":-0.025800177827477456,"y":-0.026412570849061014,"z":0.0006810762570239604,"w":-0.9993512630462647},"size":81.39410400390625,"orthographic":false}