{"cameraMode":{"drawMode":0,"name":"Shaded","section":"Shading Mode"},"sceneLighting":true,"audioPlay":false,"sceneViewState":{"m_AlwaysRefresh":false,"showFog":true,"showSkybox":true,"showFlares":true,"showImageEffects":true,"showParticleSystems":true,"showVisualEffectGraphs":true,"m_FxEnabled":false},"in2DMode":false,"pivot":{"x":4.6914520263671879,"y":17.161327362060548,"z":13.58879566192627},"rotation":{"x":0.09780098497867584,"y":0.8524166345596314,"z":-0.483906090259552,"w":0.17238369584083558},"size":0.8660253882408142,"orthographic":false}