{"cameraMode":{"drawMode":0,"name":"Shaded","section":"Shading Mode"},"sceneLighting":true,"audioPlay":false,"sceneViewState":{"m_AlwaysRefresh":false,"showFog":true,"showSkybox":true,"showFlares":true,"showImageEffects":true,"showParticleSystems":true,"showVisualEffectGraphs":true,"m_FxEnabled":false},"in2DMode":false,"pivot":{"x":1.3472414016723633,"y":-3.2497634887695314,"z":1.3037033081054688},"rotation":{"x":0.043845467269420627,"y":0.9342243671417236,"z":-0.3328319191932678,"w":0.12151569128036499},"size":8.917929649353028,"orthographic":false}