{"cameraMode":{"drawMode":0,"name":"Shaded","section":"Shading Mode"},"sceneLighting":true,"audioPlay":false,"sceneViewState":{"m_AlwaysRefresh":false,"showFog":true,"showSkybox":true,"showFlares":true,"showImageEffects":true,"showParticleSystems":true,"showVisualEffectGraphs":true,"m_FxEnabled":false},"in2DMode":false,"pivot":{"x":5.069924354553223,"y":34.06854248046875,"z":3.7088260650634767},"rotation":{"x":-0.004906852263957262,"y":-0.8537086248397827,"z":0.520842969417572,"w":-0.0071257660165429119},"size":10.745234489440918,"orthographic":false}