{"cameraMode":{"drawMode":0,"name":"Shaded","section":"Shading Mode"},"sceneLighting":true,"audioPlay":false,"sceneViewState":{"m_AlwaysRefresh":false,"showFog":true,"showSkybox":true,"showFlares":true,"showImageEffects":true,"showParticleSystems":true,"showVisualEffectGraphs":true,"m_FxEnabled":false},"in2DMode":false,"pivot":{"x":120.02339935302735,"y":-198.64300537109376,"z":-137.93905639648438},"rotation":{"x":-0.13837435841560365,"y":-0.8568985462188721,"z":0.39984747767448428,"w":-0.29493412375450137},"size":135.2559051513672,"orthographic":false}