{"cameraMode":{"drawMode":0,"name":"Shaded","section":"Shading Mode"},"sceneLighting":true,"audioPlay":false,"sceneViewState":{"m_AlwaysRefresh":false,"showFog":true,"showSkybox":true,"showFlares":true,"showImageEffects":true,"showParticleSystems":true,"showVisualEffectGraphs":true,"m_FxEnabled":false},"in2DMode":false,"pivot":{"x":25.14893913269043,"y":12.321950912475586,"z":14.338567733764649},"rotation":{"x":0.26913192868232729,"y":-0.7049141526222229,"z":0.3369101583957672,"w":0.5632383823394775},"size":0.8660253882408142,"orthographic":false}