{"cameraMode":{"drawMode":0,"name":"Shaded","section":"Shading Mode"},"sceneLighting":true,"audioPlay":false,"sceneViewState":{"m_AlwaysRefresh":false,"showFog":true,"showSkybox":true,"showFlares":true,"showImageEffects":true,"showParticleSystems":true,"showVisualEffectGraphs":true,"m_FxEnabled":false},"in2DMode":false,"pivot":{"x":25.45179557800293,"y":2.8085432052612306,"z":23.894657135009767},"rotation":{"x":-0.1612716019153595,"y":0.8148205876350403,"z":-0.26989227533340456,"w":-0.48715803027153017},"size":0.8660253882408142,"orthographic":false}