{"cameraMode":{"drawMode":0,"name":"Shaded","section":"Shading Mode"},"sceneLighting":true,"audioPlay":false,"sceneViewState":{"m_AlwaysRefresh":false,"showFog":true,"showSkybox":true,"showFlares":true,"showImageEffects":true,"showParticleSystems":true,"showVisualEffectGraphs":true,"m_FxEnabled":false},"in2DMode":false,"pivot":{"x":10.70457649230957,"y":10.134644508361817,"z":18.449193954467775},"rotation":{"x":0.24915018677711488,"y":0.6061699390411377,"z":-0.20768405497074128,"w":0.7262710332870483},"size":0.8660253882408142,"orthographic":false}