{"cameraMode":{"drawMode":0,"name":"Shaded","section":"Shading Mode"},"sceneLighting":true,"audioPlay":false,"sceneViewState":{"m_AlwaysRefresh":false,"showFog":true,"showSkybox":true,"showFlares":true,"showImageEffects":true,"showParticleSystems":true,"showVisualEffectGraphs":true,"m_FxEnabled":false},"in2DMode":false,"pivot":{"x":121.8504867553711,"y":23.737045288085939,"z":120.09375762939453},"rotation":{"x":0.02167547680437565,"y":0.34920230507850649,"z":-0.007166773546487093,"w":0.9369506239891052},"size":129.1693878173828,"orthographic":false}