{"cameraMode":{"drawMode":0,"name":"Shaded","section":"Shading Mode"},"sceneLighting":true,"audioPlay":false,"sceneViewState":{"m_AlwaysRefresh":false,"showFog":true,"showSkybox":true,"showFlares":true,"showImageEffects":true,"showParticleSystems":true,"showVisualEffectGraphs":true,"m_FxEnabled":false},"in2DMode":false,"pivot":{"x":9.190217971801758,"y":13.680276870727539,"z":-18.35276985168457},"rotation":{"x":0.18295219540596009,"y":-0.15319399535655976,"z":0.02906866744160652,"w":0.9707375168800354},"size":0.8660253882408142,"orthographic":false}