{"cameraMode":{"drawMode":0,"name":"Shaded","section":"Shading Mode"},"sceneLighting":false,"audioPlay":false,"sceneViewState":{"m_AlwaysRefresh":false,"showFog":true,"showSkybox":false,"showFlares":true,"showImageEffects":true,"showParticleSystems":true,"showVisualEffectGraphs":true,"m_FxEnabled":false},"in2DMode":false,"pivot":{"x":-56.88859939575195,"y":-10.185152053833008,"z":-32.292877197265628},"rotation":{"x":0.10650715231895447,"y":-0.04324350506067276,"z":0.004635845310986042,"w":0.9933666586875916},"size":1.6280813217163087,"orthographic":false}