{"cameraMode":{"drawMode":0,"name":"Shaded","section":"Shading Mode"},"sceneLighting":false,"audioPlay":false,"sceneViewState":{"m_AlwaysRefresh":false,"showFog":true,"showSkybox":false,"showFlares":true,"showImageEffects":true,"showParticleSystems":true,"showVisualEffectGraphs":true,"m_FxEnabled":false},"in2DMode":false,"pivot":{"x":-57.131229400634769,"y":-10.496678352355957,"z":-31.216123580932618},"rotation":{"x":-0.023525549098849298,"y":-0.11670614778995514,"z":-0.002766349585726857,"w":0.9928909540176392},"size":1.6280813217163087,"orthographic":false}