{"cameraMode":{"drawMode":0,"name":"Shaded","section":"Shading Mode"},"sceneLighting":false,"audioPlay":false,"sceneViewState":{"m_AlwaysRefresh":false,"showFog":true,"showSkybox":false,"showFlares":true,"showImageEffects":true,"showParticleSystems":true,"showVisualEffectGraphs":true,"m_FxEnabled":false},"in2DMode":false,"pivot":{"x":-54.368106842041019,"y":-10.631505012512207,"z":-32.68440246582031},"rotation":{"x":0.2086893916130066,"y":-0.02640771120786667,"z":0.0056337337009608749,"w":0.9776185750961304},"size":1.6280813217163087,"orthographic":false}