{"cameraMode":{"drawMode":0,"name":"Shaded","section":"Shading Mode"},"sceneLighting":false,"audioPlay":false,"sceneViewState":{"m_AlwaysRefresh":false,"showFog":true,"showSkybox":false,"showFlares":true,"showImageEffects":true,"showParticleSystems":true,"showVisualEffectGraphs":true,"m_FxEnabled":false},"in2DMode":false,"pivot":{"x":0.3421442210674286,"y":1.1574171781539918,"z":2.3242440223693849},"rotation":{"x":-0.05827529728412628,"y":0.8598346710205078,"z":-0.10151724517345429,"w":-0.4971318244934082},"size":1.6008714437484742,"orthographic":false}