{"cameraMode":{"drawMode":0,"name":"Shaded","section":"Shading Mode"},"sceneLighting":false,"audioPlay":false,"sceneViewState":{"m_AlwaysRefresh":false,"showFog":true,"showSkybox":false,"showFlares":true,"showImageEffects":true,"showParticleSystems":true,"showVisualEffectGraphs":true,"m_FxEnabled":false},"in2DMode":false,"pivot":{"x":4.7360992431640629,"y":2.114687204360962,"z":1.1939539909362794},"rotation":{"x":0.004458344075828791,"y":0.9768333435058594,"z":0.018664604052901269,"w":-0.2134854942560196},"size":1.3128894567489625,"orthographic":false}