{"cameraMode":{"drawMode":0,"name":"Shaded","section":"Shading Mode"},"sceneLighting":false,"audioPlay":false,"sceneViewState":{"m_AlwaysRefresh":false,"showFog":true,"showSkybox":false,"showFlares":true,"showImageEffects":true,"showParticleSystems":true,"showVisualEffectGraphs":true,"m_FxEnabled":false},"in2DMode":false,"pivot":{"x":12.0521821975708,"y":6.864349365234375,"z":96.1409683227539},"rotation":{"x":0.016187625005841256,"y":0.01407970953732729,"z":0.00019360485021024942,"w":-0.9998106956481934},"size":52.15441131591797,"orthographic":false}